year_week,value
1976-W53,332.855
1977-W01,332.29999999999995
1977-W02,332.645
1977-W03,333.11
1977-W04,333.23
1977-W05,332.335
1977-W06,333.07000000000005
1977-W07,333.22
1977-W08,333.35
1977-W09,334.4
1977-W10,333.54499999999996
1977-W11,333.365
1977-W12,334.79499999999996
1977-W13,334.78
1977-W14,335.235
1977-W15,335.69
1977-W16,336.395
1977-W17,336.45
1977-W18,337.55499999999995
1977-W19,337.0175
1977-W20,336.48
1977-W21,336.14
1977-W22,336.54999999999995
1977-W23,337.525
1977-W24,338.625
1977-W25,335.775
1977-W26,335.32
1977-W27,336.0
1977-W28,335.40999999999997
1977-W29,334.86
1977-W30,335.27
1977-W31,333.9916666666667
1977-W32,332.7133333333333
1977-W33,331.435
1977-W34,331.89
1977-W35,330.905
1977-W36,330.995
1977-W37,331.08500000000004
1977-W38,330.395
1977-W39,331.03999999999996
1977-W40,330.475
1977-W41,331.81
1977-W42,330.235
1977-W43,329.9
1977-W44,342.37
1977-W45,331.27
1977-W46,332.3
1977-W47,332.08500000000004
1977-W48,332.11
1977-W49,333.38
1977-W50,333.28
1977-W51,334.13
1977-W52,334.91499999999996
1978-W01,334.85
1978-W02,333.985
1978-W03,336.09000000000003
1978-W04,336.15000000000003
1978-W05,336.21000000000004
1978-W06,335.02
1978-W07,335.73
1978-W08,336.265
1978-W09,335.725
1978-W10,336.27
1978-W11,336.735
1978-W12,337.2
1978-W13,338.01
1978-W14,337.91499999999996
1978-W15,338.055
1978-W16,336.78499999999997
1978-W17,338.145
1978-W18,337.985
1978-W19,338.155
1978-W20,344.635
1978-W21,339.46500000000003
1978-W22,338.685
1978-W23,338.01
1978-W24,337.33500000000004
1978-W25,337.55499999999995
1978-W26,337.59000000000003
1978-W27,336.92
1978-W28,336.25
1978-W29,335.55
1978-W30,334.82
1978-W31,342.70500000000004
1978-W32,332.375
1978-W33,333.25
1978-W34,333.42
1978-W35,333.445
1978-W36,331.25
1978-W37,331.815
1978-W38,331.985
1978-W39,332.95
1978-W40,335.75
1978-W41,331.435
1978-W42,344.66999999999996
1978-W43,332.555
1978-W44,333.4
1978-W45,333.65999999999997
1978-W46,333.27
1978-W47,333.885
1978-W48,333.67499999999995
1978-W49,333.78499999999997
1978-W50,333.92999999999995
1978-W51,335.21
1978-W52,334.995
1979-W01,338.39
1979-W02,336.83000000000004
1979-W03,336.07500000000005
1979-W04,336.745
1979-W05,336.66499999999996
1979-W06,340.74
1979-W07,336.71000000000004
1979-W08,337.4
1979-W09,337.28499999999997
1979-W10,341.895
1979-W11,338.625
1979-W12,339.5
1979-W13,339.485
1979-W14,337.025
1979-W15,339.155
1979-W16,338.49
1979-W17,338.675
1979-W18,342.065
1979-W19,338.39
1979-W20,338.36
1979-W21,340.15999999999997
1979-W22,339.385
1979-W23,341.025
1979-W24,338.6
1979-W25,339.37
1979-W26,338.625
1979-W27,337.96
1979-W28,338.06
1979-W29,336.98
1979-W30,334.07500000000005
1979-W31,337.96000000000004
1979-W32,335.9
1979-W33,330.34000000000003
1979-W34,333.68
1979-W35,335.81
1979-W36,335.02
1979-W37,333.77
1979-W38,337.63
1979-W39,333.505
1979-W40,333.7
1979-W41,333.34
1979-W42,338.895
1979-W43,335.365
1979-W44,337.475
1979-W45,336.805
1979-W46,342.725
1979-W47,336.03999999999996
1979-W48,335.255
1979-W49,335.525
1979-W50,337.37
1979-W51,335.93
1979-W52,338.485
1980-W01,349.615
1980-W02,350.095
1980-W03,340.83500000000004
1980-W04,341.4
1980-W05,349.13
1980-W06,345.09000000000003
1980-W07,346.355
1980-W08,345.7525
1980-W09,345.15
1980-W10,349.175
1980-W11,344.865
1980-W12,351.03
1980-W13,347.15
1980-W14,343.5626666666667
1980-W15,351.265
1980-W16,345.175
1980-W17,348.905
1980-W18,345.735
1980-W19,345.3
1980-W20,343.205
1980-W21,342.005
1980-W22,342.57500000000005
1980-W23,344.27190476190475
1980-W24,342.14
1980-W25,349.515
1980-W26,353.45
1980-W27,345.495
1980-W28,342.38
1980-W29,343.86
1980-W30,338.27
1980-W31,337.425
1980-W32,338.9675
1980-W33,340.51
1980-W34,341.7924579124579
1980-W35,341.63
1980-W36,341.59749999999997
1980-W37,337.59000000000003
1980-W38,336.245
1980-W39,337.015
1980-W40,335.91
1980-W41,337.605
1980-W42,336.66999999999996
1980-W43,342.37
1980-W44,337.6
1980-W45,336.78499999999997
1980-W46,338.13
1980-W47,336.78
1980-W48,337.78
1980-W49,339.21000000000004
1980-W50,343.13
1980-W51,350.8275
1980-W52,341.99
1981-W01,345.315
1981-W02,339.83500000000004
1981-W03,339.515
1981-W04,340.45
1981-W05,341.385
1981-W06,349.595
1981-W07,345.69
1981-W08,348.29499999999996
1981-W09,345.9016666666667
1981-W10,346.0175
1981-W11,346.31500000000005
1981-W12,356.16999999999996
1981-W13,346.08
1981-W14,345.515
1981-W15,347.895
1981-W16,345.81
1981-W17,357.48
1981-W18,344.53499999999997
1981-W19,347.04
1981-W20,343.975
1981-W21,343.355
1981-W22,343.06
1981-W23,342.8861111111111
1981-W24,343.2
1981-W25,342.235
1981-W26,341.655
1981-W27,340.315
1981-W28,341.375
1981-W29,338.685
1981-W30,339.66999999999996
1981-W31,339.03
1981-W32,339.76916666666665
1981-W33,339.1125
1981-W34,338.26
1981-W35,338.345
1981-W36,337.47749999999996
1981-W37,337.3275
1981-W38,338.28499999999997
1981-W39,337.556
1981-W40,337.19599999999997
1981-W41,336.9114
1981-W42,337.82
1981-W43,337.66283333333337
1981-W44,338.1825
1981-W45,339.355
1981-W46,338.78499999999997
1981-W47,339.1025
1981-W48,340.38925
1981-W49,340.025
1981-W50,339.8283333333333
1981-W51,340.34250000000003
1981-W52,340.7025
1981-W53,341.0625
1982-W01,340.8025
1982-W02,343.7735
1982-W03,341.16999999999996
1982-W04,341.8343333333333
1982-W05,342.69575
1982-W06,342.46000000000004
1982-W07,341.6
1982-W08,342.4925
1982-W09,343.60325
1982-W10,343.23924999999997
1982-W11,344.3643333333334
1982-W12,343.985
1982-W13,343.3533333333333
1982-W14,343.475
1982-W15,343.58075
1982-W16,344.76575
1982-W17,344.41659999999996
1982-W18,343.7725
1982-W19,343.26425
1982-W20,344.45233333333334
1982-W21,343.6225
1982-W22,343.31566666666663
1982-W23,343.26575
1982-W24,341.55925
1982-W25,341.16175
1982-W26,342.83074999999997
1982-W27,342.074
1982-W28,341.30575
1982-W29,341.27233333333334
1982-W30,341.4823333333333
1982-W31,340.35675000000003
1982-W32,344.73325
1982-W33,337.4235
1982-W34,337.23825
1982-W35,342.94
1982-W36,337.59575
1982-W37,338.40075
1982-W38,338.475
1982-W39,334.32325000000003
1982-W40,336.1176666666667
1982-W41,338.07
1982-W42,338.21000000000004
1982-W43,338.7925
1982-W44,338.56575
1982-W45,338.765
1982-W46,335.845
1982-W47,340.3185
1982-W48,338.771
1982-W49,340.9975
1982-W50,341.98075
1982-W51,342.22
1982-W52,340.641
1983-W01,341.63
1983-W02,342.90675
1983-W03,341.63425
1983-W04,342.32175
1983-W05,342.45666666666665
1983-W06,342.381
1983-W07,343.06666666666666
1983-W08,342.79925000000003
1983-W09,342.289
1983-W10,342.23825
1983-W11,344.131
1983-W12,342.89
1983-W13,343.475
1983-W14,344.874
1983-W15,345.97925
1983-W16,345.7
1983-W17,355.2925
1983-W18,345.855
1983-W19,345.725
1983-W20,346.32
1983-W21,346.2915
1983-W22,345.89075
1983-W23,345.98425
1983-W24,344.68399999999997
1983-W25,345.20716666666664
1983-W26,344.28499999999997
1983-W27,345.30875
1983-W28,343.9095
1983-W29,342.3343333333333
1983-W30,340.51
1983-W31,342.85571428571427
1983-W32,340.535
1983-W33,341.85625
1983-W34,340.767625
1983-W35,339.60450000000003
1983-W36,339.61285714285714
1983-W37,340.367875
1983-W38,339.624625
1983-W39,340.0638333333333
1983-W40,339.58875
1983-W41,339.70925
1983-W42,340.4895
1983-W43,341.11
1983-W44,340.198375
1983-W45,346.6492
1983-W46,340.4135625
1983-W47,341.62399999999997
1983-W48,341.89625
1983-W49,342.34833333333336
1983-W50,342.954
1983-W51,343.0674
1983-W52,343.77675
1984-W01,344.485875
1984-W02,343.50275
1984-W03,343.662875
1984-W04,344.41612499999997
1984-W05,345.01712499999996
1984-W06,344.7525
1984-W07,344.459625
1984-W08,344.50875
1984-W09,345.002125
1984-W10,345.11
1984-W11,345.7528333333333
1984-W12,345.8537142857143
1984-W13,346.57185714285714
1984-W14,347.28999999999996
1984-W15,346.36533333333335
1984-W16,346.9453888888889
1984-W17,348.45599166666665
1984-W18,348.3551875
1984-W19,347.41249999999997
1984-W20,347.55483333333336
1984-W21,347.3865
1984-W22,347.367375
1984-W23,347.13325
1984-W24,347.2525
1984-W25,346.4216666666666
1984-W26,349.286
1984-W27,345.31174999999996
1984-W28,346.2383333333333
1984-W29,345.08675
1984-W30,344.11
1984-W31,342.8966666666667
1984-W32,343.5438571428571
1984-W33,343.646125
1984-W34,342.231625
1984-W35,343.10625
1984-W36,340.1725
1984-W37,340.722
1984-W38,341.320875
1984-W39,341.250375
1984-W40,341.733
1984-W41,341.93975
1984-W42,341.53325
1984-W43,341.87449999999995
1984-W44,342.260375
1984-W45,342.683375
1984-W46,343.50875
1984-W47,343.175
1984-W48,345.742625
1984-W49,343.60375
1984-W50,343.5115
1984-W51,344.49499999999995
1984-W52,344.401
1985-W01,346.725
1985-W02,345.0806666666667
1985-W03,344.99
1985-W04,344.01216666666664
1985-W05,348.92650000000003
1985-W06,345.818375
1985-W07,345.29
1985-W08,346.42233333333337
1985-W09,353.39
1985-W10,347.66328571428573
1985-W11,347.68675
1985-W12,348.470375
1985-W13,347.8678333333333
1985-W14,346.785
1985-W15,348.006625
1985-W16,348.275375
1985-W17,348.493
1985-W18,348.800125
1985-W19,349.00325
1985-W20,348.9456666666667
1985-W21,347.683375
1985-W22,349.60875
1985-W23,349.403375
1985-W24,348.20625
1985-W25,348.210375
1985-W26,347.564625
1985-W27,346.94212500000003
1985-W28,346.893375
1985-W29,346.48625
1985-W30,345.57733333333334
1985-W31,345.57166666666666
1985-W32,344.367125
1985-W33,344.7445
1985-W34,343.24325
1985-W35,342.842875
1985-W36,344.2916666666667
1985-W37,343.80174999999997
1985-W38,342.592
1985-W39,342.392125
1985-W40,342.462875
1985-W41,342.470875
1985-W42,343.31333333333333
1985-W43,343.64125
1985-W44,343.239625
1985-W45,343.587875
1985-W46,344.37962500000003
1985-W47,344.358375
1985-W48,345.18475
1985-W49,345.307875
1985-W50,345.94708333333335
1985-W51,345.207
1985-W52,345.8161666666667
1986-W01,346.32116666666667
1986-W02,346.112375
1986-W03,346.58500000000004
1986-W04,346.59875
1986-W05,346.2545
1986-W06,346.937875
1986-W07,346.843375
1986-W08,346.749
1986-W09,347.0355
1986-W10,346.7695
1986-W11,347.4755
1986-W12,349.25333333333333
1986-W13,349.345
1986-W14,348.376
1986-W15,349.3
1986-W16,349.16383333333334
1986-W17,350.4638333333333
1986-W18,349.57783333333333
1986-W19,349.8733333333333
1986-W20,349.97883333333334
1986-W21,350.06283333333334
1986-W22,350.58233333333334
1986-W23,349.23049999999995
1986-W24,349.00216666666665
1986-W25,349.2516666666667
1986-W26,348.59566666666666
1986-W27,348.10978571428575
1986-W28,346.9595
1986-W29,347.45733333333334
1986-W30,347.42333333333335
1986-W31,345.285
1986-W32,346.07666666666665
1986-W33,345.484
1986-W34,344.61800000000005
1986-W35,344.4755
1986-W36,344.23
1986-W37,344.7778333333333
1986-W38,344.53950000000003
1986-W39,343.38000000000005
1986-W40,344.61833333333334
1986-W41,343.78566666666666
1986-W42,343.77
1986-W43,343.336
1986-W44,344.73049999999995
1986-W45,345.0916666666667
1986-W46,345.709
1986-W47,345.8811666666666
1986-W48,346.77500000000003
1986-W49,346.5988333333333
1986-W50,347.06679999999994
1986-W51,347.3066666666667
1986-W52,346.9211666666667
1987-W01,344.9883333333333
1987-W02,347.49383333333327
1987-W03,347.6438333333333
1987-W04,347.89675
1987-W05,347.9338333333333
1987-W06,347.5971666666667
1987-W07,348.1855
1987-W08,349.02666666666664
1987-W09,349.5826666666667
1987-W10,348.6783333333333
1987-W11,348.85066666666665
1987-W12,349.3905
1987-W13,350.30833333333334
1987-W14,350.9388333333333
1987-W15,349.731
1987-W16,350.2355
1987-W17,351.4243333333333
1987-W18,351.115
1987-W19,352.26933333333335
1987-W20,351.8821666666667
1987-W21,351.9766666666667
1987-W22,351.97
1987-W23,351.78433333333334
1987-W24,351.43833333333333
1987-W25,350.6605
1987-W26,351.19766666666663
1987-W27,349.83616666666666
1987-W28,350.68666666666667
1987-W29,349.715
1987-W30,349.7183333333333
1987-W31,349.03933333333333
1987-W32,346.5328333333334
1987-W33,347.87166666666667
1987-W34,348.0106666666666
1987-W35,346.13283333333334
1987-W36,347.1585
1987-W37,346.453
1987-W38,346.94325000000003
1987-W39,346.8932
1987-W40,347.1066666666666
1987-W41,347.05116666666663
1987-W42,346.86400000000003
1987-W43,347.2511666666667
1987-W44,347.02400000000006
1987-W45,347.84833333333336
1987-W46,347.4728333333333
1987-W47,348.58116666666666
1987-W48,349.1061666666667
1987-W49,349.5316666666667
1987-W50,350.0606666666667
1987-W51,349.5561666666667
1987-W52,349.89900000000006
1987-W53,349.58216666666664
1988-W01,350.2583333333334
1988-W02,349.9474
1988-W03,350.3578333333333
1988-W04,351.03666666666663
1988-W05,351.243
1988-W06,351.2526666666667
1988-W07,351.3405
1988-W08,348.82666666666665
1988-W09,352.6506
1988-W10,352.2355
1988-W11,352.36566666666664
1988-W12,352.596
1988-W13,353.5326
1988-W14,353.1983333333333
1988-W15,354.08666666666664
1988-W16,354.58500000000004
1988-W17,356.52216666666664
1988-W18,353.8428333333333
1988-W19,354.426
1988-W20,354.3214
1988-W21,354.6995
1988-W22,353.93
1988-W23,354.7183333333333
1988-W24,353.785
1988-W25,353.3188333333333
1988-W26,353.7155
1988-W27,352.729
1988-W28,352.39450000000005
1988-W29,352.0905
1988-W30,351.79883333333333
1988-W31,351.309
1988-W32,350.83500000000004
1988-W33,350.4388333333333
1988-W34,348.82425
1988-W35,349.0188333333333
1988-W36,349.0071666666667
1988-W37,348.78
1988-W38,349.1521666666667
1988-W39,349.1571666666666
1988-W40,348.89166666666665
1988-W41,348.7961666666667
1988-W42,349.40450000000004
1988-W43,349.73333333333335
1988-W44,350.0732
1988-W45,349.705
1988-W46,350.3616666666667
1988-W47,354.935
1988-W48,350.68600000000004
1988-W49,350.73
1988-W50,351.59999999999997
1988-W51,351.685
1988-W52,353.28999999999996
1989-W01,352.75500000000005
1989-W02,352.59
1989-W03,352.7483333333333
1989-W04,352.855
1989-W05,353.455
1989-W06,352.52833333333336
1989-W07,353.20666666666665
1989-W08,353.7616666666667
1989-W09,353.77500000000003
1989-W10,353.5183333333334
1989-W11,353.27
1989-W12,355.00666666666666
1989-W13,355.14000000000004
1989-W14,354.12833333333333
1989-W15,355.48499999999996
1989-W16,358.30833333333334
1989-W17,356.9116666666667
1989-W18,355.2483333333333
1989-W19,356.17333333333335
1989-W20,355.81166666666667
1989-W21,356.2966666666667
1989-W22,356.08833333333337
1989-W23,355.575
1989-W24,356.19666666666666
1989-W25,355.0333333333333
1989-W26,354.1966666666667
1989-W27,354.92
1989-W28,353.7875
1989-W29,353.9175
1989-W30,353.21875
1989-W31,352.3125
1989-W32,352.46875
1989-W33,351.05875000000003
1989-W34,349.9
1989-W35,350.07
1989-W36,349.5675
1989-W37,349.64125
1989-W38,349.4375
1989-W39,349.98125
1989-W40,349.5978472222222
1989-W41,349.21444444444444
1989-W42,350.38125
1989-W43,350.475
1989-W44,350.81125
1989-W45,351.09875
1989-W46,351.91625
1989-W47,352.424375
1989-W48,352.9325
1989-W49,352.40125
1989-W50,352.74875000000003
1989-W51,352.6925
1989-W52,352.925
1990-W01,354.7266666666667
1990-W02,353.5125
1990-W03,354.03499999999997
1990-W04,353.86625
1990-W05,354.49
1990-W06,356.03000000000003
1990-W07,355.4575
1990-W08,357.45875
1990-W09,356.406875
1990-W10,355.355
1990-W11,356.56399999999996
1990-W12,355.38
1990-W13,356.92833333333334
1990-W14,357.43666666666667
1990-W15,356.195
1990-W16,356.6133333333333
1990-W17,357.0016666666666
1990-W18,357.9083333333333
1990-W19,356.92833333333334
1990-W20,358.065
1990-W21,358.065
1990-W22,357.4683333333333
1990-W23,357.0516666666667
1990-W24,356.2866666666667
1990-W25,355.9316666666667
1990-W26,355.76
1990-W27,356.08500000000004
1990-W28,353.22333333333336
1990-W29,353.775
1990-W30,354.32666666666665
1990-W31,353.90333333333336
1990-W32,351.49333333333334
1990-W33,353.42833333333334
1990-W34,352.4483333333333
1990-W35,350.90000000000003
1990-W36,350.22166666666664
1990-W37,351.3666666666666
1990-W38,352.29833333333335
1990-W39,351.0933333333333
1990-W40,351.3516666666667
1990-W41,351.27833333333336
1990-W42,351.69666666666666
1990-W43,351.69
1990-W44,352.2083333333333
1990-W45,352.3766666666667
1990-W46,353.395
1990-W47,353.6145
1990-W48,353.834
1990-W49,353.44166666666666
1990-W50,356.39166666666665
1990-W51,356.2875
1990-W52,356.18333333333334
1991-W01,354.41333333333336
1991-W02,355.229
1991-W03,354.9883333333333
1991-W04,354.56666666666666
1991-W05,355.52833333333336
1991-W06,355.945
1991-W07,356.6583333333333
1991-W08,356.76666666666665
1991-W09,355.42
1991-W10,357.91333333333336
1991-W11,358.24499999999995
1991-W12,357.64000000000004
1991-W13,358.46333333333337
1991-W14,358.47
1991-W15,357.3533333333333
1991-W16,360.0
1991-W17,358.9866666666667
1991-W18,359.955
1991-W19,358.55833333333334
1991-W20,360.1816666666667
1991-W21,359.5833333333333
1991-W22,359.19
1991-W23,358.7966666666667
1991-W24,358.8633333333333
1991-W25,358.3416666666667
1991-W26,359.2
1991-W27,356.1666666666667
1991-W28,356.52500000000003
1991-W29,355.456
1991-W30,354.88166666666666
1991-W31,354.4316666666667
1991-W32,355.07
1991-W33,354.59833333333336
1991-W34,353.4866666666667
1991-W35,353.72499999999997
1991-W36,352.41
1991-W37,352.4633333333333
1991-W38,351.3966666666667
1991-W39,352.185
1991-W40,352.2916666666667
1991-W41,352.6066666666666
1991-W42,352.5333333333333
1991-W43,352.92
1991-W44,353.3433333333333
1991-W45,355.09666666666664
1991-W46,353.78833333333336
1991-W47,354.08666666666664
1991-W48,354.715
1991-W49,354.9483333333333
1991-W50,355.1133333333333
1991-W51,355.7133333333333
1991-W52,357.7083333333333
1992-W01,356.55
1992-W02,356.1666666666667
1992-W03,357.1466666666667
1992-W04,357.1033333333333
1992-W05,357.47166666666664
1992-W06,356.92833333333334
1992-W07,357.7866666666667
1992-W08,357.55833333333334
1992-W09,357.03666666666663
1992-W10,358.4316666666667
1992-W11,358.84999999999997
1992-W12,359.49499999999995
1992-W13,359.095
1992-W14,358.9316666666667
1992-W15,359.1266666666667
1992-W16,359.92
1992-W17,360.3716666666666
1992-W18,360.25
1992-W19,360.23
1992-W20,358.7083333333333
1992-W21,359.285
1992-W22,360.8666666666666
1992-W23,360.7516666666667
1992-W24,360.28
1992-W25,359.135
1992-W26,358.68833333333333
1992-W27,358.7575
1992-W28,356.3966666666667
1992-W29,356.69
1992-W30,357.37833333333333
1992-W31,354.74333333333334
1992-W32,356.15000000000003
1992-W33,356.11199999999997
1992-W34,354.7283333333333
1992-W35,353.61
1992-W36,354.26
1992-W37,355.1366666666667
1992-W38,353.2
1992-W39,354.01
1992-W40,352.71166666666664
1992-W41,353.5575
1992-W42,353.95166666666665
1992-W43,353.635
1992-W44,353.52666666666664
1992-W45,354.8883333333333
1992-W46,356.06333333333333
1992-W47,355.03999999999996
1992-W48,355.0825
1992-W49,355.0925
1992-W50,356.7125
1992-W51,355.685
1992-W52,356.25125
1992-W53,356.8175
1993-W01,356.815
1993-W02,357.875
1993-W03,356.855
1993-W04,356.55625
1993-W05,357.3175
1993-W06,357.51
1993-W07,357.265
1993-W08,357.49
1993-W09,359.7125
1993-W10,359.1075
1993-W11,358.6366666666667
1993-W12,358.095
1993-W13,358.845
1993-W14,358.1825
1993-W15,360.17
1993-W16,360.3975
1993-W17,360.1175
1993-W18,360.3325
1993-W19,360.8825
1993-W20,361.0875
1993-W21,360.7575
1993-W22,359.77
1993-W23,360.14
1993-W24,359.7975
1993-W25,359.7925
1993-W26,358.1275
1993-W27,358.90999999999997
1993-W28,358.3325
1993-W29,357.41
1993-W30,356.49
1993-W31,356.41499999999996
1993-W32,356.0425
1993-W33,355.3625
1993-W34,354.855
1993-W35,353.45
1993-W36,353.09000000000003
1993-W37,354.6925
1993-W38,354.60249999999996
1993-W39,353.265
1993-W40,353.9866666666667
1993-W41,354.055
1993-W42,355.3
1993-W43,354.0675
1993-W44,355.105
1993-W45,355.6775
1993-W46,358.04499999999996
1993-W47,356.2925
1993-W48,356.315
1993-W49,356.4475
1993-W50,361.17
1993-W51,357.72
1993-W52,357.8225
1994-W01,358.21000000000004
1994-W02,358.35249999999996
1994-W03,358.39
1994-W04,359.68
1994-W05,358.6975
1994-W06,358.90999999999997
1994-W07,358.695
1994-W08,360.14
1994-W09,358.125
1994-W10,358.7925
1994-W11,361.2175
1994-W12,361.315
1994-W13,360.3275
1994-W14,361.32
1994-W15,360.3825
1994-W16,361.6625
1994-W17,361.745
1994-W18,361.625
1994-W19,361.79
1994-W20,361.9125
1994-W21,359.8925
1994-W22,361.52
1994-W23,361.73625
1994-W24,360.6625
1994-W25,360.3575
1994-W26,358.9875
1994-W27,359.35
1994-W28,358.0125
1994-W29,359.2275
1994-W30,358.89750000000004
1994-W31,357.72249999999997
1994-W32,357.4075
1994-W33,357.2925
1994-W34,356.66499999999996
1994-W35,356.4625
1994-W36,354.6675
1994-W37,353.62
1994-W38,355.2725
1994-W39,355.1566666666667
1994-W40,355.8175
1994-W41,356.42
1994-W42,354.9575
1994-W43,356.85
1994-W44,356.76
1994-W45,357.235
1994-W46,357.39
1994-W47,358.2575
1994-W48,358.1375
1994-W49,360.0725
1994-W50,359.90250000000003
1994-W51,360.00125
1994-W52,360.1
1995-W01,361.105
1995-W02,359.9675
1995-W03,359.9325
1995-W04,360.18666666666667
1995-W05,360.21000000000004
1995-W06,361.0275
1995-W07,360.9975
1995-W08,361.31
1995-W09,362.275
1995-W10,361.395
1995-W11,360.7575
1995-W12,362.315
1995-W13,363.4775
1995-W14,363.4466666666667
1995-W15,363.2125
1995-W16,362.6433333333334
1995-W17,363.7525
1995-W18,362.3525
1995-W19,363.4325
1995-W20,364.4
1995-W21,364.0825
1995-W22,364.705
1995-W23,363.9175
1995-W24,363.2966666666667
1995-W25,362.88
1995-W26,362.645
1995-W27,362.1925
1995-W28,362.09
1995-W29,360.7175
1995-W30,361.3575
1995-W31,359.565
1995-W32,359.185
1995-W33,358.105
1995-W34,358.995
1995-W35,356.53
1995-W36,359.0175
1995-W37,358.41499999999996
1995-W38,358.325
1995-W39,357.235
1995-W40,357.9325
1995-W41,357.7825
1995-W42,358.0575
1995-W43,358.53499999999997
1995-W44,359.5675
1995-W45,359.535
1995-W46,359.97249999999997
1995-W47,359.87
1995-W48,360.295
1995-W49,360.4675
1995-W50,360.8675
1995-W51,361.31625
1995-W52,361.765
1996-W01,362.21375
1996-W02,362.6625
1996-W03,362.5925
1996-W04,362.5
1996-W05,362.4075
1996-W06,362.91
1996-W07,362.5325
1996-W08,364.14
1996-W09,364.59
1996-W10,364.105
1996-W11,363.4175
1996-W12,365.1125
1996-W13,369.055
1996-W14,363.3725
1996-W15,365.2275
1996-W16,364.515
1996-W17,365.405
1996-W18,364.885
1996-W19,366.02
1996-W20,365.8175
1996-W21,365.3775
1996-W22,364.8775
1996-W23,365.6325
1996-W24,365.375
1996-W25,365.4475
1996-W26,364.79
1996-W27,364.5325
1996-W28,363.895
1996-W29,363.595
1996-W30,363.21
1996-W31,361.04
1996-W32,362.1825
1996-W33,361.64
1996-W34,361.09
1996-W35,361.2275
1996-W36,359.27750000000003
1996-W37,359.515
1996-W38,358.53999999999996
1996-W39,358.435
1996-W40,359.5775
1996-W41,359.1925
1996-W42,359.89250000000004
1996-W43,359.505
1996-W44,360.505
1996-W45,360.6175
1996-W46,361.045
1996-W47,361.5075
1996-W48,361.295
1996-W49,362.0175
1996-W50,362.2475
1996-W51,362.5375
1996-W52,362.345
1997-W01,362.8475
1997-W02,364.1325
1997-W03,363.285
1997-W04,363.9825
1997-W05,363.5025
1997-W06,363.82
1997-W07,364.2425
1997-W08,364.9825
1997-W09,364.03
1997-W10,364.7175
1997-W11,364.3825
1997-W12,365.29
1997-W13,365.6625
1997-W14,365.755
1997-W15,367.54
1997-W16,367.68
1997-W17,367.08
1997-W18,366.5475
1997-W19,367.5
1997-W20,366.92333333333335
1997-W21,377.202
1997-W22,366.22
1997-W23,365.474
1997-W24,371.348
1997-W25,373.108
1997-W26,365.46
1997-W27,364.668
1997-W28,364.5875
1997-W29,363.355
1997-W30,363.895
1997-W31,363.25
1997-W32,363.385
1997-W33,362.83
1997-W34,362.01
1997-W35,361.2125
1997-W36,360.6075
1997-W37,360.9
1997-W38,360.3674999999999
1997-W39,359.835
1997-W40,361.47
1997-W41,361.0225
1997-W42,361.005
1997-W43,360.9475
1997-W44,361.8325
1997-W45,362.2125
1997-W46,362.4725
1997-W47,363.5275
1997-W48,363.255
1997-W49,364.0499999999999
1997-W50,364.195
1997-W51,364.2025
1997-W52,364.565
1998-W01,364.9275
1998-W02,369.4125
1998-W03,365.55
1998-W04,365.38
1998-W05,366.075
1998-W06,366.2175
1998-W07,365.8725
1998-W08,366.255
1998-W09,366.43
1998-W10,367.3
1998-W11,366.4475
1998-W12,368.105
1998-W13,368.0425
1998-W14,368.435
1998-W15,368.6
1998-W16,368.655
1998-W17,369.03
1998-W18,369.7425
1998-W19,369.4025
1998-W20,368.83
1998-W21,369.7325
1998-W22,369.945
1998-W23,370.0
1998-W24,368.5025
1998-W25,368.645
1998-W26,368.8275
1998-W27,368.18
1998-W28,368.7375
1998-W29,373.7875
1998-W30,365.7325
1998-W31,367.1475
1998-W32,366.55
1998-W33,366.31
1998-W34,364.705
1998-W35,362.4775
1998-W36,365.0125
1998-W37,364.8625
1998-W38,363.8125
1998-W39,364.3425
1998-W40,363.9875
1998-W41,364.09
1998-W42,364.3475
1998-W43,364.85
1998-W44,364.42
1998-W45,365.33
1998-W46,365.73
1998-W47,366.2675
1998-W48,366.1975
1998-W49,367.705
1998-W50,367.69
1998-W51,367.975
1998-W52,367.875
1998-W53,368.245
1999-W01,369.075
1999-W02,368.315
1999-W03,368.255
1999-W04,369.5475
1999-W05,368.9875
1999-W06,369.33
1999-W07,368.485
1999-W08,368.8125
1999-W09,367.9
1999-W10,370.62
1999-W11,369.9325
1999-W12,370.3375
1999-W13,371.1825
1999-W14,371.85
1999-W15,371.36
1999-W16,369.635
1999-W17,370.745
1999-W18,371.7725
1999-W19,371.185
1999-W20,370.7075
1999-W21,370.7000000000001
1999-W22,371.8
1999-W23,370.325
1999-W24,370.5675
1999-W25,370.35
1999-W26,368.785
1999-W27,370.785
1999-W28,370.4025
1999-W29,368.4425
1999-W30,368.18125
1999-W31,367.92
1999-W32,394.5425
1999-W33,366.1725
1999-W34,366.6925
1999-W35,362.975
1999-W36,364.4675
1999-W37,365.43
1999-W38,364.9325
1999-W39,364.9075
1999-W40,365.62
1999-W41,365.41
1999-W42,366.23
1999-W43,365.8925
1999-W44,366.265
1999-W45,367.6425
1999-W46,366.77
1999-W47,367.385
1999-W48,368.2675
1999-W49,368.565
1999-W50,368.0825
1999-W51,368.4175
1999-W52,369.59
2000-W01,369.18
2000-W02,369.105
2000-W03,370.8975
2000-W04,370.5175
2000-W05,369.615
2000-W06,370.545
2000-W07,370.075
2000-W08,370.42
2000-W09,371.1725
2000-W10,369.7775
2000-W11,371.3
2000-W12,370.96
2000-W13,371.7275
2000-W14,371.6066666666666
2000-W15,372.9625
2000-W16,372.1475
2000-W17,372.15
2000-W18,371.285
2000-W19,372.27
2000-W20,371.54
2000-W21,371.7975
2000-W22,372.31
2000-W23,372.1875
2000-W24,371.4275
2000-W25,370.9275
2000-W26,371.39
2000-W27,370.2375
2000-W28,370.4625
2000-W29,370.075
2000-W30,368.86
2000-W31,368.8875
2000-W32,368.3375
2000-W33,368.2975
2000-W34,367.4625
2000-W35,367.555
2000-W36,367.1875
2000-W37,366.06
2000-W38,366.99
2000-W39,365.19
2000-W40,366.6033333333333
2000-W41,367.1375
2000-W42,367.505
2000-W43,367.8725
2000-W44,368.15166666666664
2000-W45,368.43083333333334
2000-W46,368.71
2000-W47,368.5275
2000-W48,369.02
2000-W49,369.4
2000-W50,369.78
2000-W51,369.895
2000-W52,370.3575
2001-W01,370.4025
2001-W02,370.49
2001-W03,371.02
2001-W04,371.845
2001-W05,371.1325
2001-W06,370.6
2001-W07,372.625
2001-W08,372.1275
2001-W09,372.035
2001-W10,373.0075
2001-W11,373.0725
2001-W12,373.385
2001-W13,364.405
2001-W14,372.76
2001-W15,375.2675
2001-W16,374.16
2001-W17,373.36
2001-W18,374.7325
2001-W19,374.45
2001-W20,373.15
2001-W21,374.4625
2001-W22,374.8875
2001-W23,374.355
2001-W24,373.3625
2001-W25,373.5825
2001-W26,373.43
2001-W27,372.9625
2001-W28,371.31
2001-W29,369.745
2001-W30,370.565
2001-W31,370.5275
2001-W32,369.9775
2001-W33,369.7
2001-W34,369.3925
2001-W35,369.105
2001-W36,368.4475
2001-W37,369.0875
2001-W38,367.56
2001-W39,367.805
2001-W40,368.08
2001-W41,368.49
2001-W42,368.4725
2001-W43,369.1124999999999
2001-W44,369.31
2001-W45,369.35
2001-W46,370.2725
2001-W47,370.50375
2001-W48,370.735
2001-W49,371.1225
2001-W50,372.3775
2001-W51,371.2725
2001-W52,372.0325
2002-W01,371.865
2002-W02,372.05
2002-W03,372.6875
2002-W04,372.7975
2002-W05,372.57
2002-W06,372.475
2002-W07,373.035
2002-W08,373.0775
2002-W09,373.26
2002-W10,373.5775
2002-W11,374.3525
2002-W12,375.005
2002-W13,374.6725
2002-W14,373.7525
2002-W15,374.3925
2002-W16,375.2775
2002-W17,376.205
2002-W18,376.0325
2002-W19,374.6825
2002-W20,374.93
2002-W21,376.046
2002-W22,376.2175
2002-W23,375.9875
2002-W24,375.615
2002-W25,376.64
2002-W26,375.19
2002-W27,374.685
2002-W28,374.2875
2002-W29,374.2675
2002-W30,373.16
2002-W31,373.595
2002-W32,371.6875
2002-W33,372.0575
2002-W34,372.0775
2002-W35,370.4125
2002-W36,369.4825
2002-W37,369.8325
2002-W38,370.1825
2002-W39,370.55
2002-W40,369.9325
2002-W41,369.1575
2002-W42,371.34
2002-W43,370.57
2002-W44,372.13
2002-W45,372.0425
2002-W46,372.2125
2002-W47,373.005
2002-W48,372.86
2002-W49,373.43
2002-W50,374.1725
2002-W51,373.9075
2002-W52,374.14
2003-W01,374.22
2003-W02,374.3
2003-W03,374.42
2003-W04,375.8325
2003-W05,375.4275
2003-W06,375.2075
2003-W07,375.3275
2003-W08,376.7925
2003-W09,376.3075
2003-W10,376.655
2003-W11,377.4425
2003-W12,376.68
2003-W13,377.29
2003-W14,377.7275
2003-W15,377.5475
2003-W16,378.7625000000001
2003-W17,378.8275
2003-W18,378.56
2003-W19,379.325
2003-W20,377.76
2003-W21,379.735
2003-W22,378.89125
2003-W23,379.1325
2003-W24,378.8925
2003-W25,378.37875
2003-W26,378.49875
2003-W27,376.985
2003-W28,376.1025
2003-W29,376.6566666666667
2003-W30,376.4195833333333
2003-W31,376.1825
2003-W32,375.385
2003-W33,375.1625
2003-W34,374.6975
2003-W35,374.29
2003-W36,373.435
2003-W37,372.66
2003-W38,372.64
2003-W39,373.4175
2003-W40,373.4925
2003-W41,372.9425
2003-W42,372.6
2003-W43,373.66
2003-W44,373.3925
2003-W45,374.92
2003-W46,375.255
2003-W47,375.965
2003-W48,375.305
2003-W49,375.265
2003-W50,376.2825
2003-W51,376.06
2003-W52,376.6375000000001
2004-W01,376.57
2004-W02,376.505
2004-W03,376.72
2004-W04,377.1175
2004-W05,377.69
2004-W06,377.9575
2004-W07,380.48
2004-W08,378.1275
2004-W09,377.69
2004-W10,378.3725
2004-W11,380.74
2004-W12,380.205
2004-W13,378.7575
2004-W14,381.0575
2004-W15,381.035
2004-W16,380.66
2004-W17,381.5225
2004-W18,380.7775
2004-W19,381.93
2004-W20,380.33
2004-W21,379.5525
2004-W22,381.4225
2004-W23,380.6925
2004-W24,380.53
2004-W25,380.015
2004-W26,379.535
2004-W27,379.5
2004-W28,378.815
2004-W29,376.6425
2004-W30,376.0275
2004-W31,376.5025
2004-W32,377.195
2004-W33,376.405
2004-W34,375.6166666666666
2004-W35,374.8125
2004-W36,374.97
2004-W37,374.365
2004-W38,374.4575
2004-W39,374.13
2004-W40,374.1075
2004-W41,374.25
2004-W42,374.2925
2004-W43,374.9625
2004-W44,375.32
2004-W45,375.6375000000001
2004-W46,376.2775
2004-W47,376.9425
2004-W48,376.9725
2004-W49,393.5375
2004-W50,377.5
2004-W51,377.47
2004-W52,377.8775
2004-W53,378.03
2005-W01,378.42
2005-W02,379.305
2005-W03,378.6625
2005-W04,378.9925
2005-W05,379.75
2005-W06,379.2425
2005-W07,380.6175
2005-W08,381.135
2005-W09,382.3475
2005-W10,379.6225
2005-W11,382.3825
2005-W12,380.7225
2005-W13,382.52
2005-W14,382.995
2005-W15,381.905
2005-W16,382.615
2005-W17,382.34
2005-W18,381.6325
2005-W19,382.4175
2005-W20,382.7483333333334
2005-W21,383.5225
2005-W22,383.425
2005-W23,382.59
2005-W24,382.2775
2005-W25,382.1
2005-W26,381.0925
2005-W27,381.625
2005-W28,381.7175
2005-W29,380.76
2005-W30,380.49
2005-W31,379.7525
2005-W32,378.5375
2005-W33,379.5225
2005-W34,378.0375
2005-W35,378.6275
2005-W36,378.18
2005-W37,376.435
2005-W38,375.9525
2005-W39,376.335
2005-W40,376.9075
2005-W41,377.6325
2005-W42,377.6375
2005-W43,377.635
2005-W44,377.8325
2005-W45,378.725
2005-W46,379.315
2005-W47,378.75
2005-W48,378.965
2005-W49,380.675
2005-W50,380.03
2005-W51,380.2125
2005-W52,380.8825
2006-W01,380.8625
2006-W02,381.3725
2006-W03,381.795
2006-W04,381.3625
2006-W05,381.68
2006-W06,382.415
2006-W07,382.815
2006-W08,382.1
2006-W09,381.7833333333333
2006-W10,383.285
2006-W11,382.9475
2006-W12,383.0825
2006-W13,382.7075
2006-W14,384.4275
2006-W15,385.6075
2006-W16,385.3875
2006-W17,385.35
2006-W18,385.4575
2006-W19,385.7475
2006-W20,385.745
2006-W21,385.9575
2006-W22,385.1475
2006-W23,384.5675
2006-W24,384.25
2006-W25,383.995
2006-W26,383.7375
2006-W27,382.825
2006-W28,382.2875
2006-W29,382.46
2006-W30,382.295
2006-W31,381.595
2006-W32,380.195
2006-W33,380.2175
2006-W34,379.165
2006-W35,380.0075
2006-W36,378.5375
2006-W37,379.2175
2006-W38,378.75
2006-W39,378.6525
2006-W40,378.9425
2006-W41,379.1425
2006-W42,379.715
2006-W43,379.765
2006-W44,380.0075
2006-W45,380.1675
2006-W46,380.3075
2006-W47,380.9275
2006-W48,381.2
2006-W49,381.685
2006-W50,381.455
2006-W51,383.09
2006-W52,371.6025
2007-W01,382.73
2007-W02,383.2675
2007-W03,382.3175
2007-W04,385.2575
2007-W05,383.8
2007-W06,383.93
2007-W07,385.1175
2007-W08,384.97
2007-W09,384.925
2007-W10,383.1175
2007-W11,384.82
2007-W12,386.18
2007-W13,385.945
2007-W14,386.14
2007-W15,386.5725
2007-W16,388.0025
2007-W17,386.9925
2007-W18,386.9575
2007-W19,386.4375
2007-W20,386.785
2007-W21,387.195
2007-W22,386.985
2007-W23,388.22
2007-W24,386.92
2007-W25,385.7325
2007-W26,385.19
2007-W27,385.955
2007-W28,386.1725
2007-W29,384.9575
2007-W30,383.1775
2007-W31,383.69
2007-W32,381.7475
2007-W33,381.6675
2007-W34,379.8825
2007-W35,382.0125
2007-W36,381.7975
2007-W37,379.1925
2007-W38,381.0925
2007-W39,380.3825
2007-W40,380.86
2007-W41,381.1225
2007-W42,381.2975
2007-W43,381.7025
2007-W44,382.13
2007-W45,382.5425
2007-W46,382.5675
2007-W47,383.3175
2007-W48,383.29
2007-W49,384.16
2007-W50,384.1875
2007-W51,384.4225
2007-W52,384.5625
2008-W01,385.6125
2008-W02,384.86
2008-W03,386.145
2008-W04,386.27
2008-W05,387.11
2008-W06,385.8525
2008-W07,386.3125
2008-W08,385.3025
2008-W09,385.2325
2008-W10,387.725
2008-W11,386.01
2008-W12,386.5125
2008-W13,386.425
2008-W14,388.99
2008-W15,386.115
2008-W16,386.8525
2008-W17,388.265
2008-W18,387.9725
2008-W19,389.2975
2008-W20,389.635
2008-W21,389.245
2008-W22,388.705
2008-W23,388.4825
2008-W24,389.145
2008-W25,388.0575
2008-W26,388.7025
2008-W27,387.9725
2008-W28,387.0125
2008-W29,386.8
2008-W30,386.6025
2008-W31,385.945
2008-W32,385.29
2008-W33,383.66
2008-W34,384.1825
2008-W35,383.3525
2008-W36,383.91
2008-W37,382.365
2008-W38,383.125
2008-W39,383.285
2008-W40,382.3
2008-W41,382.9475
2008-W42,383.27
2008-W43,383.075
2008-W44,383.525
2008-W45,383.91
2008-W46,385.1125
2008-W47,384.525
2008-W48,384.37
2008-W49,384.8725
2008-W50,385.7575
2008-W51,385.98
2008-W52,386.4375
2009-W01,386.55
2009-W02,386.66
2009-W03,387.385
2009-W04,387.5375
2009-W05,388.3225
2009-W06,387.3975
2009-W07,387.2925
2009-W08,387.415
2009-W09,388.735
2009-W10,388.975
2009-W11,390.675
2009-W12,388.185
2009-W13,388.8825
2009-W14,389.7175
2009-W15,389.7975
2009-W16,389.2575
2009-W17,388.7425
2009-W18,390.7275
2009-W19,389.725
2009-W20,390.385
2009-W21,390.845
2009-W22,390.005
2009-W23,390.8625
2009-W24,390.5375
2009-W25,389.095
2009-W26,388.87
2009-W27,387.9925
2009-W28,389.035
2009-W29,387.1325
2009-W30,388.0
2009-W31,387.165
2009-W32,386.84
2009-W33,386.465
2009-W34,385.2075
2009-W35,386.2525
2009-W36,385.3575
2009-W37,384.725
2009-W38,384.3675
2009-W39,384.435
2009-W40,384.68
2009-W41,384.2275
2009-W42,384.9475
2009-W43,384.8925
2009-W44,385.28
2009-W45,385.185
2009-W46,385.5575
2009-W47,386.91
2009-W48,386.87
2009-W49,387.18
2009-W50,387.085
2009-W51,387.2625000000001
2009-W52,389.0425
2009-W53,387.995
2010-W01,388.5275
2010-W02,388.375
2010-W03,388.7775
2010-W04,388.405
2010-W05,391.8225
2010-W06,391.295
2010-W07,389.05
2010-W08,389.3475
2010-W09,392.0425
2010-W10,394.04
2010-W11,391.3775
2010-W12,391.3525
2010-W13,390.6425
2010-W14,392.535
2010-W15,392.65
2010-W16,394.2275
2010-W17,393.21
2010-W18,393.095
2010-W19,393.005
2010-W20,393.3525
2010-W21,393.745
2010-W22,394.0733333333333
2010-W23,393.2625
2010-W24,392.18
2010-W25,392.225
2010-W26,391.3225
2010-W27,391.005
2010-W28,389.9325
2010-W29,390.055
2010-W30,390.1
2010-W31,389.045
2010-W32,389.1825
2010-W33,387.8825
2010-W34,387.23
2010-W35,386.9525
2010-W36,385.695
2010-W37,387.19
2010-W38,386.5825
2010-W39,387.03
2010-W40,387.05
2010-W41,387.0
2010-W42,387.4425
2010-W43,387.9575
2010-W44,388.1125
2010-W45,388.65
2010-W46,388.9025
2010-W47,389.385
2010-W48,389.99
2010-W49,389.9675
2010-W50,389.545
2010-W51,390.625
2010-W52,389.855
2011-W01,391.9825
2011-W02,391.37
2011-W03,393.195
2011-W04,391.335
2011-W05,392.8225
2011-W06,392.1425
2011-W07,391.8825
2011-W08,392.0675
2011-W09,393.175
2011-W10,391.69
2011-W11,392.39
2011-W12,392.1925
2011-W13,394.3825
2011-W14,394.08958333333334
2011-W15,393.7966666666667
2011-W16,393.1825
2011-W17,395.155
2011-W18,393.6975
2011-W19,392.76
2011-W20,395.5525
2011-W21,395.3875
2011-W22,394.455
2011-W23,394.7275
2011-W24,393.905
2011-W25,393.7000000000001
2011-W26,392.625
2011-W27,393.3666666666666
2011-W28,393.385
2011-W29,391.9725
2011-W30,392.505
2011-W31,391.6975
2011-W32,390.865
2011-W33,390.3025
2011-W34,389.6125
2011-W35,388.6225
2011-W36,387.4875
2011-W37,388.655
2011-W38,389.5575
2011-W39,388.91
2011-W40,389.4325
2011-W41,389.105
2011-W42,389.26
2011-W43,389.4975
2011-W44,389.97
2011-W45,390.155
2011-W46,390.5975
2011-W47,390.91
2011-W48,391.3766666666667
2011-W49,391.61
2011-W50,392.02
2011-W51,392.515
2011-W52,392.6825
2012-W01,392.99
2012-W02,394.305
2012-W03,392.7125
2012-W04,393.6675
2012-W05,392.76
2012-W06,392.105
2012-W07,393.595
2012-W08,394.7275
2012-W09,393.86
2012-W10,393.5375
2012-W11,394.08
2012-W12,394.8025
2012-W13,396.2125
2012-W14,395.21
2012-W15,397.3025
2012-W16,396.555
2012-W17,397.2525
2012-W18,397.665
2012-W19,398.35
2012-W20,397.9325
2012-W21,396.1325
2012-W22,396.3275
2012-W23,396.175
2012-W24,396.6175
2012-W25,396.495
2012-W26,395.995
2012-W27,394.3975
2012-W28,395.265
2012-W29,394.2825
2012-W30,393.4275
2012-W31,392.94
2012-W32,393.26
2012-W33,393.105
2012-W34,390.83
2012-W35,391.8725
2012-W36,391.605
2012-W37,398.3775
2012-W38,391.05
2012-W39,391.02
2012-W40,390.9275
2012-W41,390.73
2012-W42,390.99
2012-W43,391.425
2012-W44,391.775
2012-W45,392.08
2012-W46,393.125
2012-W47,393.5675
2012-W48,395.1825
2012-W49,393.48
2012-W50,394.5025
2012-W51,395.4575
2012-W52,395.1325
2013-W01,395.1775
2013-W02,395.4575
2013-W03,395.88
2013-W04,395.495
2013-W05,396.62
2013-W06,397.73
2013-W07,395.98
2013-W08,397.5625
2013-W09,396.3775
2013-W10,398.6875
2013-W11,396.97
2013-W12,398.5725
2013-W13,398.0125000000001
2013-W14,399.4925
2013-W15,398.665
2013-W16,397.96
2013-W17,398.8075
2013-W18,399.705
2013-W19,400.0075
2013-W20,399.9525
2013-W21,400.435
2013-W22,400.76
2013-W23,399.5325
2013-W24,398.5675
2013-W25,398.895
2013-W26,399.3175
2013-W27,398.5
2013-W28,398.46
2013-W29,397.6575
2013-W30,397.015
2013-W31,396.77
2013-W32,394.625
2013-W33,395.63
2013-W34,394.58
2013-W35,395.0975
2013-W36,394.845
2013-W37,394.17
2013-W38,393.34
2013-W39,393.33
2013-W40,393.7675
2013-W41,394.0575
2013-W42,394.015
2013-W43,394.1875
2013-W44,394.6925
2013-W45,394.8
2013-W46,396.195
2013-W47,394.8675
2013-W48,396.6725
2013-W49,396.4775
2013-W50,397.5825
2013-W51,399.065
2013-W52,397.4075
2014-W01,397.88
2014-W02,397.7075
2014-W03,397.5975
2014-W04,398.4225
2014-W05,398.9625
2014-W06,398.32
2014-W07,397.9
2014-W08,399.1575
2014-W09,397.87
2014-W10,399.2225
2014-W11,399.74
2014-W12,401.4775
2014-W13,400.12
2014-W14,400.88
2014-W15,402.35
2014-W16,402.0
2014-W17,401.55
2014-W18,402.375
2014-W19,403.0925
2014-W20,401.95
2014-W21,402.3575
2014-W22,402.0325
2014-W23,402.175
2014-W24,402.265
2014-W25,401.59
2014-W26,401.235
2014-W27,400.5975
2014-W28,399.79
2014-W29,399.0375
2014-W30,398.225
2014-W31,397.4425
2014-W32,398.065
2014-W33,397.3333333333333
2014-W34,396.48
2014-W35,395.6625
2014-W36,396.0
2014-W37,395.6775
2014-W38,395.0225
2014-W39,396.1425
2014-W40,395.3625
2014-W41,395.0325
2014-W42,395.8575
2014-W43,395.98
2014-W44,399.785
2014-W45,396.7125
2014-W46,398.4425
2014-W47,398.03
2014-W48,397.3575
2014-W49,399.1175
2014-W50,398.93
2014-W51,399.43375
2014-W52,399.9375
2015-W01,400.765
2015-W02,399.9
2015-W03,401.08
2015-W04,399.615
2015-W05,400.3275
2015-W06,400.4825
2015-W07,399.87
2015-W08,400.305
2015-W09,402.1075
2015-W10,401.47
2015-W11,404.26
2015-W12,401.48
2015-W13,401.67
2015-W14,402.625
2015-W15,404.2825
2015-W16,405.2575
2015-W17,403.4725
2015-W18,404.6025
2015-W19,404.535
2015-W20,404.5625
2015-W21,404.4025
2015-W22,403.4525
2015-W23,404.0625
2015-W24,404.05
2015-W25,402.055
2015-W26,402.715
2015-W27,402.25
2015-W28,401.3425
2015-W29,402.325
2015-W30,397.645
2015-W31,399.85
2015-W32,398.285
2015-W33,399.2925
2015-W34,399.65
2015-W35,399.06
2015-W36,399.0475
2015-W37,397.7075
2015-W38,397.18
2015-W39,397.2925
2015-W40,397.48
2015-W41,398.1175
2015-W42,398.1749999999999
2015-W43,398.94
2015-W44,399.3525
2015-W45,399.15
2015-W46,399.77
2015-W47,400.655
2015-W48,400.7975
2015-W49,400.645
2015-W50,401.5725
2015-W51,402.9125
2015-W52,402.2625
2015-W53,401.7825
2016-W01,402.37
2016-W02,405.58
2016-W03,402.6425
2016-W04,404.105
2016-W05,403.3675
2016-W06,404.97
2016-W07,403.305
2016-W08,404.6125
2016-W09,404.615
2016-W10,403.62
2016-W11,405.415
2016-W12,406.0775
2016-W13,406.71
2016-W14,406.7575
2016-W15,408.6475
2016-W16,407.57
2016-W17,407.5525
2016-W18,408.3025
2016-W19,408.5425
2016-W20,407.2925
2016-W21,408.2725
2016-W22,407.215
2016-W23,407.7025
2016-W24,407.4025
2016-W25,406.5325
2016-W26,405.43
2016-W27,405.26
2016-W28,404.655
2016-W29,403.97
2016-W30,404.0675
2016-W31,403.5875
2016-W32,403.2275
2016-W33,401.4375
2016-W34,402.15
2016-W35,400.3275
2016-W36,399.605
2016-W37,400.585
2016-W38,400.89
2016-W39,400.405
2016-W40,401.0875
2016-W41,401.4475
2016-W42,401.8975
2016-W43,402.2025
2016-W44,402.6075
2016-W45,403.1375
2016-W46,405.34
2016-W47,403.975
2016-W48,404.0575
2016-W49,403.5
2016-W50,405.7875
2016-W51,404.565
2016-W52,404.8425
2017-W01,405.8375
2017-W02,405.4425
2017-W03,406.2225
2017-W04,408.815
2017-W05,406.3825
2017-W06,406.01
2017-W07,406.125
2017-W08,407.705
2017-W09,407.3674999999999
2017-W10,407.03
2017-W11,407.2825
2017-W12,407.02
2017-W13,408.64
2017-W14,408.67
2017-W15,408.9675
2017-W16,410.9625
2017-W17,409.1675
2017-W18,411.895
2017-W19,409.8575
2017-W20,410.3475
2017-W21,410.28
2017-W22,409.6125
2017-W23,410.0725
2017-W24,409.7725
2017-W25,408.2675
2017-W26,408.5575
2017-W27,407.6075
2017-W28,407.3675
2017-W29,406.8825000000001
2017-W30,406.925
2017-W31,406.015
2017-W32,405.89
2017-W33,405.4525
2017-W34,404.3775
2017-W35,404.2875
2017-W36,403.775
2017-W37,403.5025
2017-W38,402.8275
2017-W39,402.4375
2017-W40,402.975
2017-W41,403.5575
2017-W42,404.285
2017-W43,404.845
2017-W44,404.495
2017-W45,404.1225
2017-W46,404.9475
2017-W47,406.0475
2017-W48,406.9
2017-W49,407.195
2017-W50,406.1875
2017-W51,406.585
2017-W52,407.0425
2018-W01,406.9175
2018-W02,408.41
2018-W03,408.085
2018-W04,408.8725
2018-W05,408.8875
2018-W06,408.2825
2018-W07,408.3625
2018-W08,408.9975
2018-W09,409.475
2018-W10,409.1425
2018-W11,408.9125
2018-W12,409.39
2018-W13,410.84
2018-W14,409.47
2018-W15,410.4025
2018-W16,410.3625
2018-W17,412.5
2018-W18,408.92
2018-W19,411.8625
2018-W20,412.3425
2018-W21,410.53
2018-W22,412.105
2018-W23,411.415
2018-W24,410.58375
2018-W25,409.7525
2018-W26,411.46
2018-W27,410.015
2018-W28,409.065
2018-W29,409.2575
2018-W30,408.715
2018-W31,407.7475
2018-W32,407.65
2018-W33,407.38
2018-W34,407.405
2018-W35,406.7025
2018-W36,406.3325
2018-W37,405.525
2018-W38,404.7175
2018-W39,405.53
2018-W40,405.6375
2018-W41,405.825
2018-W42,406.13
2018-W43,406.815
2018-W44,407.0775
2018-W45,406.905
2018-W46,409.05
2018-W47,408.335
2018-W48,408.7225
2018-W49,408.7675
2018-W50,410.0175
2018-W51,409.2075
2018-W52,409.4025
2019-W01,410.105
2019-W02,411.5675
2019-W03,410.0775
2019-W04,414.0375
2019-W05,411.7925
2019-W06,412.16
2019-W07,412.225
2019-W08,411.06500000000005
2019-W09,424.86
2019-W10,411.9275
2019-W11,413.17
2019-W12,413.26
2019-W13,411.105
2019-W14,412.865
2019-W15,412.2275
2019-W16,413.9775
2019-W17,414.705
2019-W18,414.8425
2019-W19,414.6725
2019-W20,415.325
2019-W21,415.2025
2019-W22,414.595
2019-W23,414.545
2019-W24,414.4874999999999
2019-W25,414.615
2019-W26,413.8375
2019-W27,413.49
2019-W28,411.7575
2019-W29,412.5425
2019-W30,411.3725
2019-W31,410.245
2019-W32,410.21
2019-W33,410.6575
2019-W34,409.3675
2019-W35,409.575
2019-W36,408.59
2019-W37,408.9825
2019-W38,408.4175
2019-W39,408.6275
2019-W40,408.42
2019-W41,409.2575
2019-W42,408.68
2019-W43,409.3666666666666
2019-W44,408.9675
2019-W45,409.58
2019-W46,410.28
2019-W47,410.37
2019-W48,410.8975
2019-W49,411.665
2019-W50,411.31
2019-W51,411.8425
2019-W52,413.0175
2020-W01,412.9875
2020-W02,413.825
2020-W03,412.57
2020-W04,415.0075
2020-W05,413.015
2020-W06,414.1666666666667
2020-W07,413.4875
2020-W08,413.7675
2020-W09,413.9925
2020-W10,413.95
2020-W11,414.5475
2020-W12,414.33
2020-W13,415.485
2020-W14,415.905
2020-W15,415.155
2020-W16,416.335
2020-W17,416.47
2020-W18,416.065
2020-W19,416.77
2020-W20,416.86
2020-W21,417.5175
2020-W22,417.4825
2020-W23,392.75
2020-W24,416.5275
2020-W25,416.445
2020-W26,415.7775
2020-W27,415.5825
2020-W28,415.7975
2020-W29,414.78
2020-W30,413.8575
2020-W31,414.0175
2020-W32,412.6
2020-W33,411.9325
2020-W34,412.37
2020-W35,412.725
2020-W36,411.84
2020-W37,411.0875
2020-W38,411.8125
2020-W39,411.2425
2020-W40,411.33
2020-W41,411.45
2020-W42,411.34
2020-W43,411.445
2020-W44,412.0275
2020-W45,411.43
2020-W46,412.865
2020-W47,412.465
2020-W48,413.705
2020-W49,413.8575
2020-W50,413.1775
2020-W51,413.86
2020-W52,414.2
2020-W53,415.5225
2021-W01,414.975
2021-W02,415.0075
2021-W03,415.7375
2021-W04,415.8875
2021-W05,416.08
2021-W06,417.665
2021-W07,415.9275
2021-W08,416.8675
2021-W09,419.2125
2021-W10,416.3275
2021-W11,417.38
2021-W12,418.7575
2021-W13,417.165
2021-W14,418.755
2021-W15,419.25
2021-W16,417.225
2021-W17,419.75
2021-W18,420.075
2021-W19,418.87
2021-W20,419.7275
2021-W21,418.835
2021-W22,417.4425
2021-W23,418.105
2021-W24,419.4125
2021-W25,418.5975
2021-W26,418.235
2021-W27,417.56
2021-W28,417.4825
2021-W29,416.365
2021-W30,415.525
2021-W31,415.0025
2021-W32,414.72
2021-W33,414.195
2021-W34,413.95
2021-W35,412.345
2021-W36,412.98
2021-W37,413.1425
2021-W38,412.9725
2021-W39,413.5825
2021-W40,413.4075
2021-W41,413.575
2021-W42,414.2875
2021-W43,414.015
2021-W44,414.27
2021-W45,414.6175
2021-W46,414.6425
2021-W47,415.2825
2021-W48,415.8925
2021-W49,415.9625
2021-W50,417.3025
2021-W51,417.22
2021-W52,417.9675
2022-W01,417.495
2022-W02,418.06
2022-W03,417.5525
2022-W04,419.4175
2022-W05,419.0525
2022-W06,418.6
2022-W07,419.8625
2022-W08,420.1175
2022-W09,419.0675
2022-W10,418.6025
2022-W11,419.025
2022-W12,417.885
2022-W13,420.25499999999994
2022-W14,419.7183333333333
2022-W15,420.2424999999999
2022-W16,421.2266666666667
2022-W17,420.6333333333334
2022-W18,419.5016666666666
2022-W19,421.6383333333333
2022-W20,421.9779999999999
2022-W21,421.18666666666667
2022-W22,421.50500000000005
2022-W23,421.3775
2022-W24,420.86875
2022-W25,420.8633333333334
2022-W26,420.6
2022-W27,419.53833333333336
2022-W28,418.36
2022-W29,418.9425
2022-W30,417.85
2022-W31,418.4575
2022-W32,417.4225
2022-W33,416.2275
2022-W34,416.71
2022-W35,415.9683333333333
2022-W36,416.12000000000006
2022-W37,415.47166666666664
2022-W38,415.5783333333334
2022-W39,415.32166666666666
2022-W40,415.18
2022-W41,415.4475
2022-W42,415.93666666666667
2022-W43,415.7533333333334
2022-W44,416.17333333333335
2022-W45,416.835
2022-W46,417.0175
2022-W47,418.2475
2022-W48,418.565
2022-W49,418.8825
2022-W50,419.2
2022-W51,419.5175
2022-W52,419.9975
2023-W01,419.15
2023-W02,418.845
2023-W03,419.3875
2023-W04,420.515
2023-W05,420.0675
2023-W06,420.14
2023-W07,423.3625
2023-W08,422.3025
2023-W09,421.2425
2023-W10,420.1825
2023-W11,421.14
2023-W12,421.345
2023-W13,421.345
2023-W14,422.99
2023-W15,423.265
2023-W16,423.37875
2023-W17,423.4925
2023-W18,424.095
2023-W19,424.59
2023-W20,424.355
2023-W21,424.12
2023-W22,424.73
2023-W23,425.385
2023-W24,424.2075
2023-W25,423.03
2023-W26,421.82
2023-W27,422.2975
2023-W28,422.4025
2023-W29,423.4575
2023-W30,420.815
2023-W31,420.67875
2023-W32,420.5425
2023-W33,418.785
2023-W34,419.1825
2023-W35,419.3425
2023-W36,419.81
2023-W37,418.32
2023-W38,418.7325
2023-W39,418.875
2023-W40,420.44
2023-W41,418.2625
2023-W42,419.4575
2023-W43,418.8625
2023-W44,418.8525
2023-W45,419.195
2023-W46,423.755
2023-W47,422.39375
2023-W48,421.0325
2023-W49,420.4
2023-W50,422.0425
2023-W51,421.7425
2023-W52,421.75
2024-W01,422.3075
2024-W02,422.885
2024-W03,423.845
2024-W04,422.46
2024-W05,423.2925
2024-W06,426.04
2024-W07,424.2125
2024-W08,424.6083333333333
2024-W09,425.00416666666666
2024-W10,425.4
2024-W11,425.06375
2024-W12,424.7275
2024-W13,425.1075
2024-W14,425.4875
2024-W15,425.8675
2024-W16,425.8525
2024-W17,425.8375
2024-W18,425.8225
2024-W19,425.8775
2024-W20,426.255
2024-W21,426.6325
2024-W22,426.9525
2024-W23,427.6025
2024-W24,427.705
2024-W25,427.2975
2024-W26,426.9075
2024-W27,425.3675
2024-W28,426.3325
2024-W29,426.06
2024-W30,424.715
2024-W31,424.505
2024-W32,424.688
2024-W33,421.485
2024-W34,423.11833333333334
2024-W35,420.405
2024-W36,422.955
2024-W37,421.955
2024-W38,421.925
2024-W39,422.07375
2024-W40,422.2225
2024-W41,423.0
2024-W42,422.615
2024-W43,422.035
2024-W44,422.91
2024-W45,423.5325
2024-W46,423.32
2024-W47,423.775
2024-W48,425.04
2024-W49,425.1
2024-W50,424.815
2024-W51,424.53
2024-W52,425.475
